{
  "spinner": {
    "collide": "no",
    "scale": 0.5,
    "children": {
      "body": {
        "collide": "yes",
        "rotation": 0.39269875,
        "shape": {
          "geometry": "octagon",
          "radius": 1,
          "color0": [0.4, 0.4, 0.4, 1.0],
          "color1": [0.1, 0.1, 0.1, 1.0],
          "color2": [0.1, 0.1, 0.1, 1.0],
          "color3": [0.1, 0.1, 0.1, 1.0],
          "color4": [0.1, 0.1, 0.1, 1.0],
          "color5": [0.1, 0.1, 0.1, 1.0],
          "color6": [0.1, 0.1, 0.1, 1.0],
          "color7": [0.1, 0.1, 0.1, 1.0],
          "color8": [0.1, 0.1, 0.1, 1.0],
          "color9": [0.1, 0.1, 0.1, 1.0],
        },
        "children": {
          "eye": {
            "rotation": -0.39269875,
            "shape": {
              "geometry": "triangle",
              "vertex0": [0, -0.6],
              "vertex1": [-0.38268, -0.92388],
              "vertex2": [0.38268, -0.92388],
              "color0": [1.0,1.0,0.0,1.0],
              "color1": [0.7,0.7,0.0,1.0],
              "color2": [0.7,0.7,0.0,1.0],
            }
          }
        }
      },
    }
  }
}